1,Michael,michael@gmail.com
2,Joy,joy@gmail.com
3,Steve,steve@gmail.com
4,Miguel,miguel@gmail.com
5,Mary,mary@gmail.com
6,Bryan,bryan@gmail.com
7,Lisa,lisa@gmail.com
8,Kelly,kelly@gmail.com
9,John,john@gmail.com
10,Daniel,daniel@gmail.com
11,Betty,betty@gmail.com
12,Jean,jean@gmail.com
13,Carol,carol@gmail.com
14,James,james@gmail.com
15,Marilyn,marilyn@gmail.com
16,Rosamaria,rosamaria@gmail.com
17,Mabel,mabel@gmail.com
18,William,william@gmail.com
19,Catherine,catherine@gmail.com
20,Joan,joan@gmail.com
21,Mary,mary@gmail.com
22,Andrew,andrew@gmail.com
23,Thomas,thomas@gmail.com
24,Elva,elva@gmail.com
25,Tommie,tommie@gmail.com
26,Rodney,rodney@gmail.com
27,Chester,chester@gmail.com
28,Larry,larry@gmail.com
29,Karen,karen@gmail.com
30,Fairy,fairy@gmail.com
31,April,april@gmail.com
32,David,david@gmail.com
33,Rachael,rachael@gmail.com
34,Kenneth,kenneth@gmail.com
35,Thelma,thelma@gmail.com
36,James,james@gmail.com
37,Derrick,derrick@gmail.com
38,Anita,anita@gmail.com
39,Harvey,harvey@gmail.com
40,Lawrence,lawrence@gmail.com
41,Ben,ben@gmail.com
42,Jeff,jeff@gmail.com
43,Ernestine,ernestine@gmail.com
44,Lynnette,lynnette@gmail.com
45,Teresa,teresa@gmail.com
46,Maria,maria@gmail.com
47,David,david@gmail.com
48,Darren,darren@gmail.com
49,Diana,diana@gmail.com
50,Clifton,clifton@gmail.com
51,Gary,gary@gmail.com
52,Brad,brad@gmail.com
53,Julie,julie@gmail.com
54,Gregory,gregory@gmail.com
55,Jason,jason@gmail.com
56,Diana,diana@gmail.com
57,Victoria,victoria@gmail.com
58,Ann,ann@gmail.com
59,Maria,maria@gmail.com
60,Alina,alina@gmail.com
61,Stephen,stephen@gmail.com
62,Emily,emily@gmail.com
63,Jean,jean@gmail.com
64,Jamie,jamie@gmail.com
65,Ronald,ronald@gmail.com
66,James,james@gmail.com
67,David,david@gmail.com
68,Lisa,lisa@gmail.com
69,Chang,chang@gmail.com
70,Donna,donna@gmail.com
71,Edward,edward@gmail.com
72,Kimberly,kimberly@gmail.com
73,Steven,steven@gmail.com
74,Nancy,nancy@gmail.com
75,Michael,michael@gmail.com
76,Raymond,raymond@gmail.com
77,Alesha,alesha@gmail.com
78,Lisa,lisa@gmail.com
79,Sherry,sherry@gmail.com
80,Pedro,pedro@gmail.com
81,Stephen,stephen@gmail.com
82,Barbara,barbara@gmail.com
83,Lillie,lillie@gmail.com
84,Michael,michael@gmail.com
85,Rita,rita@gmail.com
86,Josephine,josephine@gmail.com
87,Vivian,vivian@gmail.com
88,Jesus,jesus@gmail.com
89,Carolyn,carolyn@gmail.com
90,Lisa,lisa@gmail.com
91,Nancy,nancy@gmail.com
92,Clarence,clarence@gmail.com
93,Marie,marie@gmail.com
94,Jennifer,jennifer@gmail.com
95,James,james@gmail.com
96,Ruby,ruby@gmail.com
97,Ryan,ryan@gmail.com
98,Derrick,derrick@gmail.com
99,Michael,michael@gmail.com
100,Robin,robin@gmail.com
